名前,糖質,タンパク質,脂質,ビタミン,ミネラル,水分,ライネンの契約をしている,ワードブレスを飲んでいる,死んでいる,x,y,z,yRot,会話可能,会話スクリプト,機能解禁,機能種別,メニュー表示,レッドマン,レッドマンになった年,レッドマンになった月,レッドマンになった日
daikeiman,1.000000,2.000000,3.000000,4.000000,5.000000,99.000000,y,y,y,1.000000,4.000000,7.000000,0.000000,n,,y,CRAFTMAN,n,n,0,0,0
sankakuman,11.000000,22.000000,33.000000,44.000000,55.000000,99.000000,n,n,n,2.000000,5.000000,8.000000,0.000000,n,,y,HELP,n,n,0,0,0
shikakuman,0.000000,0.000000,0.000000,0.000000,0.000000,99.000000,y,y,y,3.000000,6.000000,9.000000,0.000000,n,,y,HELP,n,n,0,0,0
