Item ID,毒性,パッチテスト回数,正解率
3,n,0,0.600000
7,y,0,0.600000
8,y,0,0.600000
9,y,0,0.600000
11,y,0,0.600000
12,n,0,0.600000
14,n,2,0.800000
15,n,0,0.600000
16,n,0,0.600000
17,y,0,0.600000
18,y,0,0.600000
19,n,0,0.600000
20,y,0,0.600000
